Type,Name,Condition
Security,ROST,Neutral
Sector,Consumer Discretionary,Neutral
Sector,Technology,Positive
Sector,Healthcare,Negative
Sector,Energy,Neutral
Security,TSLA,Positive
Security,GM,Negative
Security,F,Neutral
Security,HMC,Positive
Industry,Automobile Manufacturers,Neutral
Industry,Software,Positive
Industry,Pharmaceuticals,Negative
Industry,Consulting,Positive
Industry,Finance,Negative
Industry,Education,Neutral
Security,NIO,Negative
Security,HON,Positive
Security,MSFT,Positive
Security,XOM,Negative
Security,GOOG,Neutral
Security,SBUX,Positive
Security,V,Negative
Security,JPM,Positive
Security,T,Neutral
Security,EDU,Negative
Security,UTIL,Positive
Security,TECH,Neutral
Security,ENGY,Negative
Security,CONS,Positive
Security,AUTO,Neutral
Security,FIN,Positive
Security,CASH,Negative
Sector,Industrials,Positive
Sector,Communication Services,Negative
Sector,Financials,Neutral
Sector,Utilities,Positive
Industry,Apparel Retail,Negative
Industry,Industrial Conglomerates,Positive
Industry,Systems Software,Neutral
Industry,Interactive Media & Services,Positive
Industry,Restaurants,Negative
Industry,Consumer Finance,Positive
Industry,Banks,Neutral
Industry,Telecom Services,Negative
Industry,Education Services,Positive
Industry,Electric Utilities,Neutral
Industry,Technology Hardware,Positive
Industry,Oil & Gas,Negative
Industry,Consulting Services,Positive
Industry,Financial Services,Neutral
Industry,Other,Negative