Symbol,Security,GICS_Sector,GICS_Sub_Industry,CIK,Last_Close_Price
GM,General Motors,Consumer Discretionary,Automobile Manufacturers,1467858,72.04
TSLA,Tesla,Consumer Discretionary,Automobile Manufacturers,1318605,265.28
F,Ford Motor,Consumer Discretionary,Automobile Manufacturers,37996,12.45
HMC,Honda Motor,Consumer Discretionary,Automobile Manufacturers,101382,32.10
NIO,NIO Inc.,Consumer Discretionary,Automobile Manufacturers,000000,12.45
ROST,Ross Stores,Consumer Discretionary,Apparel Retail,745732,39.29
HON,Honeywell International,Industrials,Industrial Conglomerates,773840,195.00
MSFT,Microsoft,Technology,Systems Software,789019,330.00
XOM,Exxon Mobil,Energy,Oil & Gas,312174,110.00
GOOG,Alphabet Inc.,Communication Services,Interactive Media & Services,1652044,140.00
SBUX,Starbucks,Consumer Discretionary,Restaurants,829224,95.00
V, Visa Inc.,Financials,Consumer Finance,1403161,240.00
JPM,JPMorgan Chase,Financials,Banks,19617,160.00
T,T AT&T,Communication Services,Telecom Services,732717,15.00
EDU,New Oriental Education,Consumer Discretionary,Education Services,000001,70.00
UTIL,Utility Corp,Utilities,Electric Utilities,000002,50.00
TECH,Tech Holdings,Technology,Technology Hardware,000003,80.00
ENGY,Energy Partners,Energy,Oil & Gas,000004,60.00
CONS,Consulting Group,Industrials,Consulting Services,000005,120.00
AUTO,Auto Group,Consumer Discretionary,Automobile Manufacturers,000006,20.00
FIN,Finance Corp,Financials,Financial Services,000007,75.00
CASH,Cash Holdings,Financials,Other,000008,1.00
